INSERT INTO `users` (`user_id`, `username`, `password`, `is_premium`, `created_at`, `e_mail`) VALUES (3, 'zlangworth', '21ac3bc5b8aff1e6897f63cd5c2ccf42ba5d59fc', 0, '1977-10-02 20:52:25', 'tbruen@example.com');
INSERT INTO `users` (`user_id`, `username`, `password`, `is_premium`, `created_at`, `e_mail`) VALUES (4, 'xvandervort', 'ead74f888eacbdcb58bd81cd63488519db0ffe65', 0, '1991-05-16 11:10:52', 'bailey.eliane@example.org');
INSERT INTO `users` (`user_id`, `username`, `password`, `is_premium`, `created_at`, `e_mail`) VALUES (5, 'doris.schulist', 'dbcadaea6e964688565738b42247df193d10b8c5', 0, '1985-09-27 05:09:42', 'hmaggio@example.net');
INSERT INTO `users` (`user_id`, `username`, `password`, `is_premium`, `created_at`, `e_mail`) VALUES (6, 'mtowne', '87b53d45b054a4d2c4b63f640d9c0fd465cd2214', 0, '1993-08-06 13:45:44', 'green88@example.com');
INSERT INTO `users` (`user_id`, `username`, `password`, `is_premium`, `created_at`, `e_mail`) VALUES (7, 'dorthy.flatley', 'bdeb2b9193192b8423861281f2afec932d8bd2c1', 1, '2018-02-17 05:16:32', 'tmclaughlin@example.net');
INSERT INTO `users` (`user_id`, `username`, `password`, `is_premium`, `created_at`, `e_mail`) VALUES (8, 'berge.verdie', '63bb14e7601ed845b55aecf521363e9d23ce6c1b', 1, '1989-06-10 16:54:09', 'fdoyle@example.net');
INSERT INTO `users` (`user_id`, `username`, `password`, `is_premium`, `created_at`, `e_mail`) VALUES (9, 'nedra42', 'd4529ce1a71838c1f3db46ff05ddd63f992b4b41', 0, '1979-01-28 15:48:28', 'faustino.schaden@example.com');
INSERT INTO `users` (`user_id`, `username`, `password`, `is_premium`, `created_at`, `e_mail`) VALUES (10, 'amira.prohaska', 'ca3d8016d74607f759c308dbff5104d5af6ee8ba', 0, '1983-03-17 22:17:02', 'sally46@example.org');
INSERT INTO `users` (`user_id`, `username`, `password`, `is_premium`, `created_at`, `e_mail`) VALUES (11, 'ystracke', '92918ffe583dfc32ff487e1f3c7d9319ec464c66', 1, '2006-06-15 10:37:10', 'schuppe.jaquan@example.org');
INSERT INTO `users` (`user_id`, `username`, `password`, `is_premium`, `created_at`, `e_mail`) VALUES (12, 'osborne29', '3f039e3fd0f0a2a714aa1071861ab9db25eb2409', 0, '1976-04-27 12:32:47', 'dkunde@example.org');
INSERT INTO `users` (`user_id`, `username`, `password`, `is_premium`, `created_at`, `e_mail`) VALUES (13, 'hmacejkovic', '0616b445168807723e62ea3c64a698090d8e24c9', 0, '1996-01-06 11:11:09', 'runolfsdottir.deon@example.com');
INSERT INTO `users` (`user_id`, `username`, `password`, `is_premium`, `created_at`, `e_mail`) VALUES (14, 'lacy.daniel', 'b2c52f0f272b5d4776210c699c87314e6cafa940', 0, '1973-02-01 09:00:42', 'kory.rohan@example.org');
INSERT INTO `users` (`user_id`, `username`, `password`, `is_premium`, `created_at`, `e_mail`) VALUES (15, 'jonas72', '22482abd67d2f521626e3fd89097616ab2bb4522', 0, '2014-09-11 22:34:53', 'schimmel.cornelius@example.com');
INSERT INTO `users` (`user_id`, `username`, `password`, `is_premium`, `created_at`, `e_mail`) VALUES (16, 'iabbott', 'f8d4ebae26b30351306021582f096715452bcc49', 0, '1982-01-14 17:05:40', 'katlyn.ernser@example.com');
INSERT INTO `users` (`user_id`, `username`, `password`, `is_premium`, `created_at`, `e_mail`) VALUES (17, 'josefa.keeling', '6d2b8ee8222bac9a12f0bcd716a50cb0a7e69f0c', 0, '2004-01-22 21:22:19', 'kuvalis.jovany@example.net');




INSERT INTO `discussion_groups` (`group_id`, `name`, `owner_id`, `is_private`, `access_password`, `created_at`, `group_info`, `rules`, `short_description`) VALUES (2, 'fugiat', 14, 1, 'b1bfa858b9e9a55f34dc835b65aff038ee455313', '2014-04-24 08:21:55', 'Provident veniam libero itaque saepe laborum quisquam id qui. Quia amet voluptate quia fugiat quaerat ad et voluptatem. Porro nobis tempora delectus error voluptas qui alias. Placeat temporibus velit consequatur provident iusto architecto.', 'Non beatae libero ab tempore et fugit fuga. Dolorem non in itaque non. Asperiores nemo quidem magni enim molestias.', 'Ipsa ipsam vel sunt tenetur.');
INSERT INTO `discussion_groups` (`group_id`, `name`, `owner_id`, `is_private`, `access_password`, `created_at`, `group_info`, `rules`, `short_description`) VALUES (3, 'placeat', 4, 1, '6816705d28c4601035718187611fb79a33421c06', '1998-07-31 20:27:56', 'Ipsam assumenda hic consequatur expedita tempore. Doloribus ratione neque dolor delectus. Aliquid sint quos quasi quia voluptatum consequatur est. Et omnis et quae rerum omnis.', 'Reiciendis voluptas ipsa nisi ut facilis. Vel necessitatibus in nulla delectus.', 'Voluptatem nihil quam ea at aut voluptat');
INSERT INTO `discussion_groups` (`group_id`, `name`, `owner_id`, `is_private`, `access_password`, `created_at`, `group_info`, `rules`, `short_description`) VALUES (4, 'eveniet', 6, 1, '8f4b819338b2446df78df209a7f91cf1905659e8', '2010-06-22 05:28:07', 'Quia et pariatur consequuntur ut et dolor consequatur esse. Rem consequuntur dolores corporis eveniet laborum molestiae. Iusto aut eum et eum ut rerum eum.', 'Ut velit quaerat voluptatem esse non voluptates. Quis atque id debitis.', 'Quasi nisi illum doloremque vitae minus ');
INSERT INTO `discussion_groups` (`group_id`, `name`, `owner_id`, `is_private`, `access_password`, `created_at`, `group_info`, `rules`, `short_description`) VALUES (5, 'minima', 9, 1, 'f56ba06dcb5f1607c0ee278eeb0113134db0d222', '1971-04-28 14:35:06', 'Adipisci distinctio voluptate qui sint voluptas. Rerum ea eum perferendis repellendus commodi facilis possimus. Nisi rerum rerum animi nesciunt voluptate inventore. Fugit in eligendi numquam quia.', 'Tempore dignissimos laborum assumenda tenetur eos commodi. Commodi porro unde modi maxime ad et. Officia eaque consequatur non tenetur eaque aut.', 'Deserunt deleniti odit eaque ipsum aut e');
INSERT INTO `discussion_groups` (`group_id`, `name`, `owner_id`, `is_private`, `access_password`, `created_at`, `group_info`, `rules`, `short_description`) VALUES (6, 'sequi', 9, 1, 'cb2146edf5aabde697f07485349c15ba5b4b37c2', '1989-07-17 13:13:52', 'Aut nostrum nostrum esse consectetur. Aut deleniti aut qui nemo voluptate aspernatur. Voluptatem nesciunt sunt sit architecto doloribus quia quaerat rerum.', 'Quidem ab neque doloremque soluta. Soluta at velit veniam dolores tenetur.', 'Velit voluptas fugiat delectus ea.');


INSERT INTO `posts` (`post_id`, `user_id`, `topic`, `content`, `group_id`, `created_at`) VALUES (1, 4, 'Minima voluptas illo saepe perspiciatis ut.', 'Laudantium qui reiciendis animi praesentium. Amet eius et exercitationem ea repellat. Cum vel reprehenderit voluptas ab velit. Sint quaerat corrupti non aut non saepe sit et.', 3, '1974-05-18 22:51:28');
INSERT INTO `posts` (`post_id`, `user_id`, `topic`, `content`, `group_id`, `created_at`) VALUES (2, 4, 'Quod minus veniam quisquam maiores fugit odio exer', 'Nobis cumque sed iusto accusamus natus. Nam dignissimos debitis voluptatem nihil et impedit ducimus. Accusamus animi autem aut iste harum optio ratione. Vitae quo perferendis qui.', 2, '1980-05-31 18:31:41');
INSERT INTO `posts` (`post_id`, `user_id`, `topic`, `content`, `group_id`, `created_at`) VALUES (3, 6, 'Dolorem illo nihil qui omnis rerum ipsum eveniet a', 'Quis quis iste autem. Saepe quisquam illo repudiandae facere rerum id.', 3, '1987-09-07 21:39:42');
INSERT INTO `posts` (`post_id`, `user_id`, `topic`, `content`, `group_id`, `created_at`) VALUES (4, 5, 'Placeat atque minima dolorem harum et debitis.', 'Tempora voluptatem voluptatem est porro. Qui facilis occaecati et. Ducimus culpa quisquam distinctio. Repellendus voluptatem repudiandae maxime ipsum.', 4, '1971-11-26 19:12:12');
INSERT INTO `posts` (`post_id`, `user_id`, `topic`, `content`, `group_id`, `created_at`) VALUES (5, 12, 'Deleniti porro quia et quos molestiae reprehenderi', 'Necessitatibus voluptatem dignissimos fugit omnis. Voluptatem est molestiae molestiae maiores id. Libero omnis rerum beatae libero odio et est eius.', 2, '2005-04-09 06:13:18');
INSERT INTO `posts` (`post_id`, `user_id`, `topic`, `content`, `group_id`, `created_at`) VALUES (6, 15, 'Laboriosam harum assumenda magni pariatur commodi.', 'Consequatur perspiciatis eum tempora. Ipsum assumenda omnis non est. Et in optio provident nam omnis quia. Quae error eius ipsam doloribus earum deserunt quo.', 4, '2003-06-05 17:07:12');
INSERT INTO `posts` (`post_id`, `user_id`, `topic`, `content`, `group_id`, `created_at`) VALUES (7, 14, 'Voluptate iste voluptatum non praesentium quia dol', 'Maxime ut veritatis possimus. Omnis in optio nesciunt. Harum omnis qui harum enim aut nobis est. Magni distinctio consequuntur eos pariatur autem possimus et labore.', 4, '2002-06-09 20:56:28');
INSERT INTO `posts` (`post_id`, `user_id`, `topic`, `content`, `group_id`, `created_at`) VALUES (8, 11, 'Est fugit dicta adipisci est voluptas aliquid aute', 'Quia in commodi minus alias maiores. Magnam laboriosam atque neque perferendis. Voluptates perspiciatis totam velit voluptates maiores.', 6, '1979-11-07 21:36:36');
INSERT INTO `posts` (`post_id`, `user_id`, `topic`, `content`, `group_id`, `created_at`) VALUES (9, 15, 'Voluptatem unde qui atque officia et modi porro pr', 'Quia sunt eveniet voluptas. Omnis non nihil ut. Voluptas delectus occaecati quia voluptatem sed qui.', 2, '2012-01-08 10:51:21');
INSERT INTO `posts` (`post_id`, `user_id`, `topic`, `content`, `group_id`, `created_at`) VALUES (10, 14, 'Unde esse quaerat odio et laborum qui quasi illum ', 'Harum alias officiis sed dolor asperiores laborum. Odit inventore quo ea. Natus natus dicta pariatur tempore.', 6, '1978-04-30 22:21:34');
INSERT INTO `posts` (`post_id`, `user_id`, `topic`, `content`, `group_id`, `created_at`) VALUES (11, 17, 'Asperiores consequatur voluptate soluta saepe nam ', 'In dolores libero sunt fuga et quam. Ea rerum rerum excepturi sit tenetur eveniet sed dolorem. Inventore aperiam sint est. Quas ex aut et deserunt.', 6, '2004-09-10 18:48:10');
INSERT INTO `posts` (`post_id`, `user_id`, `topic`, `content`, `group_id`, `created_at`) VALUES (12, 16, 'Nemo sit repellat impedit earum.', 'Et sed modi quibusdam modi sed. Error commodi doloremque quod. Dolorum quae debitis ullam.', 5, '1977-04-07 04:33:51');
INSERT INTO `posts` (`post_id`, `user_id`, `topic`, `content`, `group_id`, `created_at`) VALUES (13, 10, 'Aut excepturi commodi velit ea qui sed.', 'Reiciendis sed libero suscipit quia iure voluptatem possimus excepturi. Id error aut autem tempore et dolores unde.', 4, '2008-05-04 11:29:19');
INSERT INTO `posts` (`post_id`, `user_id`, `topic`, `content`, `group_id`, `created_at`) VALUES (14, 13, 'Dolorum et fugit deserunt quia ad sit cupiditate e', 'Aut iure saepe soluta aut qui aut eos. Enim reiciendis iusto doloremque illo et voluptas accusantium. Laboriosam aut laborum qui ut. Itaque sit voluptatibus explicabo.', 3, '2018-12-29 18:15:09');
INSERT INTO `posts` (`post_id`, `user_id`, `topic`, `content`, `group_id`, `created_at`) VALUES (15, 14, 'Animi enim ex molestiae occaecati harum enim.', 'Et dolorem earum optio suscipit aliquam iste totam. Est dolore itaque facere incidunt neque fugiat cumque. Ut sit iste rem commodi sit perferendis officiis molestiae.', 4, '1978-08-30 10:24:46');
INSERT INTO `posts` (`post_id`, `user_id`, `topic`, `content`, `group_id`, `created_at`) VALUES (16, 13, 'Et officia consectetur corrupti aut sunt quia.', 'Quia quam impedit quae voluptas quis harum. Quas blanditiis omnis facere et tempore maxime vero. Impedit quia placeat recusandae.', 6, '2008-03-04 12:32:45');
INSERT INTO `posts` (`post_id`, `user_id`, `topic`, `content`, `group_id`, `created_at`) VALUES (17, 14, 'Dolorem ducimus laboriosam id quo reiciendis non e', 'Dolor aliquid cupiditate exercitationem sit enim voluptas animi similique. Commodi et sunt autem sed.', 6, '1979-07-18 22:20:44');
INSERT INTO `posts` (`post_id`, `user_id`, `topic`, `content`, `group_id`, `created_at`) VALUES (18, 17, 'Error nobis sed beatae et hic rerum labore ut corr', 'Corrupti sequi nihil incidunt similique porro in. Sequi est consequatur explicabo alias nobis minus. Et qui corrupti explicabo rem eligendi est soluta.', 2, '1979-11-25 00:24:03');
INSERT INTO `posts` (`post_id`, `user_id`, `topic`, `content`, `group_id`, `created_at`) VALUES (19, 3, 'Perferendis distinctio nostrum quod non commodi el', 'Rerum a voluptatum velit. Quidem soluta numquam repudiandae voluptatem. Eligendi animi et est.', 2, '2012-04-10 01:31:21');
INSERT INTO `posts` (`post_id`, `user_id`, `topic`, `content`, `group_id`, `created_at`) VALUES (20, 11, 'Optio eos voluptatem est quia libero expedita.', 'Voluptatibus voluptas aut ullam nobis numquam. Quisquam odit quibusdam laudantium nisi. Dolor qui in ut natus aliquid assumenda.', 5, '2017-11-21 23:33:08');
INSERT INTO `posts` (`post_id`, `user_id`, `topic`, `content`, `group_id`, `created_at`) VALUES (21, 7, 'Sed quos et quod est sed sequi possimus est.', 'Asperiores ea id illum consequatur. Necessitatibus sit et veritatis quidem. Qui quia excepturi nihil. Vel qui et est aut.', 4, '1999-11-14 07:19:01');
INSERT INTO `posts` (`post_id`, `user_id`, `topic`, `content`, `group_id`, `created_at`) VALUES (22, 4, 'Commodi sint et ut voluptatem voluptatibus.', 'Et consequatur accusantium et aspernatur. Eum fugiat sunt dolore explicabo vel libero assumenda voluptas. Dolor sequi officia nesciunt et ut error est.', 2, '1988-09-18 08:19:30');
INSERT INTO `posts` (`post_id`, `user_id`, `topic`, `content`, `group_id`, `created_at`) VALUES (23, 16, 'Odit saepe consequuntur totam aliquid eum dicta et', 'Repudiandae ut perferendis sunt tempore non sed aut vero. Est error vel sit ut tenetur dolores optio. Aspernatur quia provident et in qui repellendus. In et nesciunt et.', 5, '1996-08-14 09:17:38');
INSERT INTO `posts` (`post_id`, `user_id`, `topic`, `content`, `group_id`, `created_at`) VALUES (24, 3, 'Natus ipsam ut numquam in voluptate et in voluptat', 'Aspernatur dolores neque quo iste nobis. Aliquam similique ea sint. Laudantium esse quasi repellat voluptatem cumque hic.', 5, '2014-04-18 07:58:02');
INSERT INTO `posts` (`post_id`, `user_id`, `topic`, `content`, `group_id`, `created_at`) VALUES (25, 16, 'Qui reprehenderit aliquid rerum sint porro modi is', 'Placeat sed aut omnis dicta nihil dolor voluptates. Veniam rerum qui temporibus. Saepe excepturi non doloribus architecto sint libero eligendi aut.', 5, '1990-01-29 16:26:00');
INSERT INTO `posts` (`post_id`, `user_id`, `topic`, `content`, `group_id`, `created_at`) VALUES (26, 12, 'Ipsam culpa et natus ad aut vel ut qui ad dolores.', 'Occaecati explicabo adipisci neque voluptatum eos. Ut explicabo at et quia. Nobis illo nihil quia ullam.', 6, '1976-03-30 18:28:23');
INSERT INTO `posts` (`post_id`, `user_id`, `topic`, `content`, `group_id`, `created_at`) VALUES (27, 12, 'Consequatur delectus qui sed velit sit qui sit.', 'Corporis sunt dolorum sint blanditiis in sit nostrum. Praesentium quia et nesciunt assumenda.', 4, '1984-10-29 09:57:07');
INSERT INTO `posts` (`post_id`, `user_id`, `topic`, `content`, `group_id`, `created_at`) VALUES (28, 11, 'Consequatur unde sint et voluptatum ea sed in dolo', 'Harum qui corrupti consequatur provident quibusdam possimus. Itaque tempora ut consequatur qui. Est voluptatem facilis iure facilis praesentium recusandae.', 2, '2001-09-16 14:37:51');
INSERT INTO `posts` (`post_id`, `user_id`, `topic`, `content`, `group_id`, `created_at`) VALUES (29, 3, 'Eveniet sed qui fuga quia qui et consequatur et es', 'Et est laboriosam tempore id autem. Adipisci omnis explicabo laudantium possimus dolorem quae dolore. Accusantium nemo assumenda repellendus qui deserunt perferendis.', 3, '2004-07-01 10:44:08');
INSERT INTO `posts` (`post_id`, `user_id`, `topic`, `content`, `group_id`, `created_at`) VALUES (30, 9, 'Est dolorem eius sunt ut non velit eos atque accus', 'Et labore debitis deleniti tempore omnis. Dolor doloremque ex molestiae non amet sit. Non exercitationem laboriosam architecto at dolore omnis odit.', 5, '1970-06-07 01:17:23');
INSERT INTO `posts` (`post_id`, `user_id`, `topic`, `content`, `group_id`, `created_at`) VALUES (31, 14, 'Dolor totam consequatur ratione non voluptatum et.', 'Eum qui reprehenderit aut reprehenderit. Consequatur nihil quaerat earum eos recusandae. Nisi a ipsa error cum cumque. Consequatur in tempora sapiente. Et explicabo hic veritatis excepturi.', 2, '2016-05-09 04:01:00');
INSERT INTO `posts` (`post_id`, `user_id`, `topic`, `content`, `group_id`, `created_at`) VALUES (32, 12, 'Rerum hic laboriosam incidunt quasi voluptatem ips', 'Pariatur itaque delectus beatae ut non. Illum eos a velit voluptas odio voluptatem. Vero quod optio voluptas molestiae.', 4, '2004-03-02 09:09:58');
INSERT INTO `posts` (`post_id`, `user_id`, `topic`, `content`, `group_id`, `created_at`) VALUES (33, 17, 'Temporibus autem vel maiores placeat atque corpori', 'Sit iusto assumenda error. Architecto minus ut iste repellendus accusantium doloremque. Magni cumque ipsum fuga est qui.', 5, '2005-09-06 01:48:24');
INSERT INTO `posts` (`post_id`, `user_id`, `topic`, `content`, `group_id`, `created_at`) VALUES (34, 10, 'Illum perspiciatis consequatur ut sapiente ut in p', 'Laboriosam eligendi totam sit incidunt ducimus a ipsa. Fugiat quo velit et quis. Quam mollitia nihil nemo ut fuga quidem. Aut earum praesentium aut quos. Quibusdam alias iure alias nemo animi ut.', 2, '2000-08-05 15:29:42');
INSERT INTO `posts` (`post_id`, `user_id`, `topic`, `content`, `group_id`, `created_at`) VALUES (35, 15, 'Id deserunt et dignissimos occaecati ut voluptatem', 'Dolores est ipsam blanditiis explicabo adipisci soluta molestias. Qui sed voluptas enim illum dolor fugiat quia. Rerum ducimus amet veritatis ipsam.', 2, '1983-05-02 18:42:05');


INSERT INTO `comments` (`comment_id`, `user_id`, `content`, `post_id`, `created_at`) VALUES (1, 5, 'Corporis laboriosam velit occaecati voluptas iure quos.', 3, '1997-10-24 16:06:06');
INSERT INTO `comments` (`comment_id`, `user_id`, `content`, `post_id`, `created_at`) VALUES (2, 13, 'Amet harum qui architecto labore.', 2, '2007-07-27 02:32:41');
INSERT INTO `comments` (`comment_id`, `user_id`, `content`, `post_id`, `created_at`) VALUES (3, 17, 'Corrupti vel ut blanditiis qui.', 12, '1990-03-02 05:16:04');
INSERT INTO `comments` (`comment_id`, `user_id`, `content`, `post_id`, `created_at`) VALUES (4, 11, 'Tempora adipisci repellendus doloribus harum.', 33, '1972-11-19 02:48:23');
INSERT INTO `comments` (`comment_id`, `user_id`, `content`, `post_id`, `created_at`) VALUES (5, 14, 'Aut labore similique mollitia nam consequuntur minus.', 11, '1984-01-12 13:36:20');
INSERT INTO `comments` (`comment_id`, `user_id`, `content`, `post_id`, `created_at`) VALUES (6, 16, 'Numquam occaecati dolores sapiente quidem qui.', 34, '1999-09-20 05:30:26');
INSERT INTO `comments` (`comment_id`, `user_id`, `content`, `post_id`, `created_at`) VALUES (7, 13, 'Aut vel voluptas iusto aperiam non quis.', 27, '2004-01-24 22:05:46');
INSERT INTO `comments` (`comment_id`, `user_id`, `content`, `post_id`, `created_at`) VALUES (8, 13, 'Eveniet ipsam accusantium rerum enim occaecati.', 20, '1994-08-03 09:47:10');
INSERT INTO `comments` (`comment_id`, `user_id`, `content`, `post_id`, `created_at`) VALUES (9, 4, 'Totam quisquam odit numquam omnis beatae aliquid.', 4, '1981-03-21 17:11:43');
INSERT INTO `comments` (`comment_id`, `user_id`, `content`, `post_id`, `created_at`) VALUES (10, 13, 'Cum a eos sapiente quam iusto voluptas.', 24, '1996-06-02 03:58:02');
INSERT INTO `comments` (`comment_id`, `user_id`, `content`, `post_id`, `created_at`) VALUES (11, 15, 'Et totam nisi iusto magni minima rerum.', 31, '2014-10-13 04:12:29');
INSERT INTO `comments` (`comment_id`, `user_id`, `content`, `post_id`, `created_at`) VALUES (12, 11, 'Deleniti quaerat dignissimos qui dolorem.', 33, '2008-06-02 22:19:40');
INSERT INTO `comments` (`comment_id`, `user_id`, `content`, `post_id`, `created_at`) VALUES (13, 16, 'Consequatur vel voluptas animi dolores est.', 31, '2005-04-07 07:30:59');
INSERT INTO `comments` (`comment_id`, `user_id`, `content`, `post_id`, `created_at`) VALUES (14, 8, 'Perspiciatis et porro itaque aut minus.', 22, '1986-09-30 11:55:11');
INSERT INTO `comments` (`comment_id`, `user_id`, `content`, `post_id`, `created_at`) VALUES (15, 10, 'Cupiditate et cum temporibus vitae.', 10, '2004-06-24 14:19:49');
INSERT INTO `comments` (`comment_id`, `user_id`, `content`, `post_id`, `created_at`) VALUES (16, 6, 'Recusandae excepturi aliquam veniam voluptatem.', 25, '1991-06-20 22:48:24');
INSERT INTO `comments` (`comment_id`, `user_id`, `content`, `post_id`, `created_at`) VALUES (17, 8, 'Voluptatem corporis quod sint autem ut expedita.', 34, '1994-12-18 16:59:34');
INSERT INTO `comments` (`comment_id`, `user_id`, `content`, `post_id`, `created_at`) VALUES (18, 14, 'Est necessitatibus aut illum aliquid non.', 13, '1984-02-17 13:08:32');
INSERT INTO `comments` (`comment_id`, `user_id`, `content`, `post_id`, `created_at`) VALUES (19, 7, 'Quos non et tempore quis harum nostrum.', 11, '1993-04-05 01:39:52');
INSERT INTO `comments` (`comment_id`, `user_id`, `content`, `post_id`, `created_at`) VALUES (20, 6, 'Occaecati nihil autem voluptates ex. Ut nisi dolorem vel.', 3, '1976-08-22 17:12:02');
INSERT INTO `comments` (`comment_id`, `user_id`, `content`, `post_id`, `created_at`) VALUES (21, 11, 'Saepe aspernatur dolorem mollitia inventore minima veniam.', 6, '1972-02-28 16:00:04');
INSERT INTO `comments` (`comment_id`, `user_id`, `content`, `post_id`, `created_at`) VALUES (22, 3, 'Dolores sed non et repellendus.', 12, '1999-07-18 11:48:28');
INSERT INTO `comments` (`comment_id`, `user_id`, `content`, `post_id`, `created_at`) VALUES (23, 16, 'Non sit est quidem recusandae.', 26, '1988-09-01 00:33:58');
INSERT INTO `comments` (`comment_id`, `user_id`, `content`, `post_id`, `created_at`) VALUES (24, 16, 'Totam voluptate dolores quod numquam saepe maxime libero.', 35, '2000-03-05 19:20:49');
INSERT INTO `comments` (`comment_id`, `user_id`, `content`, `post_id`, `created_at`) VALUES (25, 15, 'Et occaecati excepturi ut sed dolor suscipit.', 21, '1993-05-01 11:24:27');
INSERT INTO `comments` (`comment_id`, `user_id`, `content`, `post_id`, `created_at`) VALUES (26, 12, 'Quidem suscipit quis tenetur ullam odio est rem.', 24, '1993-07-20 22:13:27');
INSERT INTO `comments` (`comment_id`, `user_id`, `content`, `post_id`, `created_at`) VALUES (27, 9, 'Rem vel accusamus minima asperiores quaerat quisquam.', 8, '2005-04-20 14:53:57');
INSERT INTO `comments` (`comment_id`, `user_id`, `content`, `post_id`, `created_at`) VALUES (28, 11, 'Et et quasi dolor nisi quod animi.', 14, '1991-11-04 06:00:56');
INSERT INTO `comments` (`comment_id`, `user_id`, `content`, `post_id`, `created_at`) VALUES (29, 4, 'Cumque quibusdam id ab velit.', 35, '1987-10-22 07:37:35');
INSERT INTO `comments` (`comment_id`, `user_id`, `content`, `post_id`, `created_at`) VALUES (30, 17, 'Itaque cupiditate assumenda non illum sapiente.', 21, '2013-01-23 09:13:32');
INSERT INTO `comments` (`comment_id`, `user_id`, `content`, `post_id`, `created_at`) VALUES (31, 6, 'Possimus dolorum officia qui perferendis odit.', 9, '1975-09-21 11:18:30');
INSERT INTO `comments` (`comment_id`, `user_id`, `content`, `post_id`, `created_at`) VALUES (32, 7, 'Non ad accusantium nisi assumenda nulla qui dignissimos.', 22, '1997-09-13 14:44:51');
INSERT INTO `comments` (`comment_id`, `user_id`, `content`, `post_id`, `created_at`) VALUES (33, 5, 'Quidem suscipit natus repudiandae.', 2, '2018-10-09 22:55:39');
INSERT INTO `comments` (`comment_id`, `user_id`, `content`, `post_id`, `created_at`) VALUES (34, 17, 'Ducimus cupiditate voluptatum odit nemo aut.', 18, '2003-10-11 01:36:05');
INSERT INTO `comments` (`comment_id`, `user_id`, `content`, `post_id`, `created_at`) VALUES (35, 8, 'Laborum a numquam error corporis vel velit.', 8, '2012-08-20 19:19:53');
INSERT INTO `comments` (`comment_id`, `user_id`, `content`, `post_id`, `created_at`) VALUES (36, 11, 'In impedit saepe ad ipsa dolor id possimus tenetur.', 33, '1979-02-15 06:01:07');
INSERT INTO `comments` (`comment_id`, `user_id`, `content`, `post_id`, `created_at`) VALUES (37, 8, 'Eius consectetur est dolores.', 21, '1984-01-19 03:12:58');
INSERT INTO `comments` (`comment_id`, `user_id`, `content`, `post_id`, `created_at`) VALUES (38, 6, 'Quas animi quia et minus eius aliquam nobis.', 10, '1974-12-20 08:47:31');
INSERT INTO `comments` (`comment_id`, `user_id`, `content`, `post_id`, `created_at`) VALUES (39, 7, 'Exercitationem perferendis pariatur ipsam.', 5, '1977-02-09 21:49:16');
INSERT INTO `comments` (`comment_id`, `user_id`, `content`, `post_id`, `created_at`) VALUES (40, 7, 'Delectus ad quos qui id veniam.', 5, '2010-01-16 00:31:38');
INSERT INTO `comments` (`comment_id`, `user_id`, `content`, `post_id`, `created_at`) VALUES (41, 13, 'Molestiae qui vitae nam nemo provident.', 33, '1998-01-19 12:09:13');
INSERT INTO `comments` (`comment_id`, `user_id`, `content`, `post_id`, `created_at`) VALUES (42, 14, 'Tempora accusamus enim eos.', 7, '1997-04-11 06:38:12');
INSERT INTO `comments` (`comment_id`, `user_id`, `content`, `post_id`, `created_at`) VALUES (43, 5, 'Praesentium veritatis nam numquam ut.', 14, '1976-12-01 15:40:35');
INSERT INTO `comments` (`comment_id`, `user_id`, `content`, `post_id`, `created_at`) VALUES (44, 11, 'Adipisci totam rerum nulla eum neque accusantium.', 8, '1981-04-08 10:13:05');
INSERT INTO `comments` (`comment_id`, `user_id`, `content`, `post_id`, `created_at`) VALUES (45, 8, 'Doloribus quia inventore quia necessitatibus.', 20, '1980-08-31 15:39:51');
INSERT INTO `comments` (`comment_id`, `user_id`, `content`, `post_id`, `created_at`) VALUES (46, 15, 'Eligendi eaque laudantium ex nostrum.', 22, '2016-01-22 15:09:53');
INSERT INTO `comments` (`comment_id`, `user_id`, `content`, `post_id`, `created_at`) VALUES (47, 14, 'Vero repudiandae commodi adipisci quo.', 4, '1991-11-12 16:53:57');
INSERT INTO `comments` (`comment_id`, `user_id`, `content`, `post_id`, `created_at`) VALUES (48, 6, 'Culpa blanditiis distinctio omnis cupiditate.', 35, '1985-10-02 17:00:13');
INSERT INTO `comments` (`comment_id`, `user_id`, `content`, `post_id`, `created_at`) VALUES (49, 4, 'Vero similique consectetur quia sequi.', 7, '2018-07-27 12:50:00');
INSERT INTO `comments` (`comment_id`, `user_id`, `content`, `post_id`, `created_at`) VALUES (50, 10, 'Aut inventore aut ipsam animi deserunt tenetur quasi.', 17, '1974-01-21 21:34:27');
INSERT INTO `comments` (`comment_id`, `user_id`, `content`, `post_id`, `created_at`) VALUES (51, 8, 'At voluptatem ullam repellat non.', 2, '1973-08-22 05:17:42');
INSERT INTO `comments` (`comment_id`, `user_id`, `content`, `post_id`, `created_at`) VALUES (52, 8, 'Iusto omnis labore quasi praesentium eveniet.', 27, '1998-12-06 17:08:54');
INSERT INTO `comments` (`comment_id`, `user_id`, `content`, `post_id`, `created_at`) VALUES (53, 12, 'Quia et reiciendis voluptatem voluptatem autem et numquam.', 23, '2002-04-29 21:37:06');
INSERT INTO `comments` (`comment_id`, `user_id`, `content`, `post_id`, `created_at`) VALUES (54, 3, 'Aut omnis fugiat mollitia ab quod quia.', 34, '2003-04-08 22:23:46');
INSERT INTO `comments` (`comment_id`, `user_id`, `content`, `post_id`, `created_at`) VALUES (55, 14, 'Porro recusandae quis hic accusantium sed illo non.', 12, '1987-06-25 15:12:55');
INSERT INTO `comments` (`comment_id`, `user_id`, `content`, `post_id`, `created_at`) VALUES (56, 4, 'Ut unde at aut. Minima facere sit eos et tempore a magni.', 19, '1975-06-15 07:30:55');
INSERT INTO `comments` (`comment_id`, `user_id`, `content`, `post_id`, `created_at`) VALUES (57, 6, 'Optio dolores voluptatum possimus voluptatibus qui vel.', 31, '2002-11-05 09:43:56');
INSERT INTO `comments` (`comment_id`, `user_id`, `content`, `post_id`, `created_at`) VALUES (58, 13, 'Optio dolorem vel excepturi unde ut.', 15, '1976-02-26 17:23:56');
INSERT INTO `comments` (`comment_id`, `user_id`, `content`, `post_id`, `created_at`) VALUES (59, 6, 'Ex maiores qui in eum. In commodi nesciunt molestiae quod.', 10, '2012-05-20 18:20:22');
INSERT INTO `comments` (`comment_id`, `user_id`, `content`, `post_id`, `created_at`) VALUES (60, 12, 'Et totam nam non aut.', 22, '1974-07-11 06:58:45');
INSERT INTO `comments` (`comment_id`, `user_id`, `content`, `post_id`, `created_at`) VALUES (61, 15, 'Consequuntur ut aliquid neque quo debitis doloribus quidem.', 16, '1996-03-16 01:09:09');
INSERT INTO `comments` (`comment_id`, `user_id`, `content`, `post_id`, `created_at`) VALUES (62, 6, 'Ullam sed eligendi sit.', 22, '2001-06-15 11:41:39');
INSERT INTO `comments` (`comment_id`, `user_id`, `content`, `post_id`, `created_at`) VALUES (63, 11, 'Nulla optio ut quia velit at repellendus illum.', 17, '1972-09-11 17:13:50');
INSERT INTO `comments` (`comment_id`, `user_id`, `content`, `post_id`, `created_at`) VALUES (64, 12, 'Omnis ut sed omnis doloribus.', 24, '2018-08-15 01:41:37');
INSERT INTO `comments` (`comment_id`, `user_id`, `content`, `post_id`, `created_at`) VALUES (65, 12, 'Pariatur culpa vel nisi quo mollitia ut.', 4, '1971-08-12 16:26:13');
INSERT INTO `comments` (`comment_id`, `user_id`, `content`, `post_id`, `created_at`) VALUES (66, 5, 'Est voluptatem dolores illo aut eos libero aliquid.', 2, '2006-05-21 09:08:09');
INSERT INTO `comments` (`comment_id`, `user_id`, `content`, `post_id`, `created_at`) VALUES (67, 5, 'Vel rerum numquam molestiae qui.', 19, '2009-01-08 09:20:44');
INSERT INTO `comments` (`comment_id`, `user_id`, `content`, `post_id`, `created_at`) VALUES (68, 15, 'Natus a et qui asperiores dolorem.', 28, '1983-05-16 19:33:08');
INSERT INTO `comments` (`comment_id`, `user_id`, `content`, `post_id`, `created_at`) VALUES (69, 5, 'Et omnis qui magnam quae et.', 30, '1999-08-19 14:03:35');
INSERT INTO `comments` (`comment_id`, `user_id`, `content`, `post_id`, `created_at`) VALUES (70, 14, 'Qui rerum molestias et amet aut qui.', 35, '2010-09-04 18:26:46');
INSERT INTO `comments` (`comment_id`, `user_id`, `content`, `post_id`, `created_at`) VALUES (71, 5, 'Pariatur voluptatum asperiores in optio.', 29, '1997-04-03 01:48:26');
INSERT INTO `comments` (`comment_id`, `user_id`, `content`, `post_id`, `created_at`) VALUES (72, 10, 'Cumque voluptatem incidunt qui qui veritatis.', 16, '1988-10-14 10:59:30');
INSERT INTO `comments` (`comment_id`, `user_id`, `content`, `post_id`, `created_at`) VALUES (73, 13, 'Praesentium et at id odit. Hic a deserunt reiciendis rerum.', 8, '1989-06-15 00:10:10');
INSERT INTO `comments` (`comment_id`, `user_id`, `content`, `post_id`, `created_at`) VALUES (74, 15, 'Velit voluptas vitae adipisci non vel animi.', 34, '1975-04-24 07:17:36');
INSERT INTO `comments` (`comment_id`, `user_id`, `content`, `post_id`, `created_at`) VALUES (75, 10, 'Repudiandae voluptatibus consequatur et quisquam ab.', 18, '1994-04-05 23:45:27');
INSERT INTO `comments` (`comment_id`, `user_id`, `content`, `post_id`, `created_at`) VALUES (76, 11, 'Eos ut numquam quia veniam dicta.', 11, '2005-12-10 19:10:53');
INSERT INTO `comments` (`comment_id`, `user_id`, `content`, `post_id`, `created_at`) VALUES (77, 17, 'Rerum nobis voluptatem molestiae cum voluptate.', 29, '2009-07-08 07:17:00');
INSERT INTO `comments` (`comment_id`, `user_id`, `content`, `post_id`, `created_at`) VALUES (78, 16, 'Nam voluptatem sit qui.', 17, '1992-10-22 04:25:48');
INSERT INTO `comments` (`comment_id`, `user_id`, `content`, `post_id`, `created_at`) VALUES (79, 7, 'Non doloremque culpa voluptatem.', 20, '1983-02-10 19:22:38');
INSERT INTO `comments` (`comment_id`, `user_id`, `content`, `post_id`, `created_at`) VALUES (80, 5, 'Alias illum dolores cum quaerat fugiat consequatur quia.', 32, '1987-07-09 18:41:10');


INSERT INTO `tags` (`tag_id`, `name`) VALUES (1, 'et');
INSERT INTO `tags` (`tag_id`, `name`) VALUES (2, 'amet');
INSERT INTO `tags` (`tag_id`, `name`) VALUES (3, 'quae');
INSERT INTO `tags` (`tag_id`, `name`) VALUES (4, 'sunt');
INSERT INTO `tags` (`tag_id`, `name`) VALUES (5, 'eum');
INSERT INTO `tags` (`tag_id`, `name`) VALUES (6, 'est');
INSERT INTO `tags` (`tag_id`, `name`) VALUES (7, 'facere');
INSERT INTO `tags` (`tag_id`, `name`) VALUES (8, 'quia');
INSERT INTO `tags` (`tag_id`, `name`) VALUES (9, 'veritatis');
INSERT INTO `tags` (`tag_id`, `name`) VALUES (10, 'ad');


INSERT INTO `group_tags` (`group_tag_id`, `group_id`, `tag_id`) VALUES (40, 2, 1);
INSERT INTO `group_tags` (`group_tag_id`, `group_id`, `tag_id`) VALUES (37, 2, 2);
INSERT INTO `group_tags` (`group_tag_id`, `group_id`, `tag_id`) VALUES (41, 2, 3);
INSERT INTO `group_tags` (`group_tag_id`, `group_id`, `tag_id`) VALUES (26, 2, 6);
INSERT INTO `group_tags` (`group_tag_id`, `group_id`, `tag_id`) VALUES (30, 2, 10);
INSERT INTO `group_tags` (`group_tag_id`, `group_id`, `tag_id`) VALUES (34, 3, 4);
INSERT INTO `group_tags` (`group_tag_id`, `group_id`, `tag_id`) VALUES (33, 3, 5);
INSERT INTO `group_tags` (`group_tag_id`, `group_id`, `tag_id`) VALUES (49, 4, 1);
INSERT INTO `group_tags` (`group_tag_id`, `group_id`, `tag_id`) VALUES (27, 4, 7);
INSERT INTO `group_tags` (`group_tag_id`, `group_id`, `tag_id`) VALUES (32, 4, 9);
INSERT INTO `group_tags` (`group_tag_id`, `group_id`, `tag_id`) VALUES (50, 5, 2);
INSERT INTO `group_tags` (`group_tag_id`, `group_id`, `tag_id`) VALUES (48, 5, 3);
INSERT INTO `group_tags` (`group_tag_id`, `group_id`, `tag_id`) VALUES (29, 5, 5);
INSERT INTO `group_tags` (`group_tag_id`, `group_id`, `tag_id`) VALUES (44, 5, 6);
INSERT INTO `group_tags` (`group_tag_id`, `group_id`, `tag_id`) VALUES (38, 5, 7);
INSERT INTO `group_tags` (`group_tag_id`, `group_id`, `tag_id`) VALUES (28, 6, 1);
INSERT INTO `group_tags` (`group_tag_id`, `group_id`, `tag_id`) VALUES (31, 6, 2);
INSERT INTO `group_tags` (`group_tag_id`, `group_id`, `tag_id`) VALUES (43, 6, 5);
INSERT INTO `group_tags` (`group_tag_id`, `group_id`, `tag_id`) VALUES (36, 6, 8);
INSERT INTO `group_tags` (`group_tag_id`, `group_id`, `tag_id`) VALUES (45, 6, 9);

INSERT INTO `moderators` (`moderator_id`, `user_id`, `group_id`) VALUES (16, 4, 5);
INSERT INTO `moderators` (`moderator_id`, `user_id`, `group_id`) VALUES (13, 5, 3);
INSERT INTO `moderators` (`moderator_id`, `user_id`, `group_id`) VALUES (14, 8, 2);
INSERT INTO `moderators` (`moderator_id`, `user_id`, `group_id`) VALUES (11, 9, 2);
INSERT INTO `moderators` (`moderator_id`, `user_id`, `group_id`) VALUES (17, 10, 3);
INSERT INTO `moderators` (`moderator_id`, `user_id`, `group_id`) VALUES (12, 10, 5);
INSERT INTO `moderators` (`moderator_id`, `user_id`, `group_id`) VALUES (20, 12, 4);
INSERT INTO `moderators` (`moderator_id`, `user_id`, `group_id`) VALUES (19, 13, 3);
INSERT INTO `moderators` (`moderator_id`, `user_id`, `group_id`) VALUES (15, 17, 3);


#
# TABLE STRUCTURE FOR: notifications
#

INSERT INTO `notifications` (`notification_id`, `created_at`, `sender_id`, `recipient_id`, `type`, `object_id`, `unread`) VALUES (1, '1985-06-23 03:19:29', 13, 5, 'comment', 60, 1);
INSERT INTO `notifications` (`notification_id`, `created_at`, `sender_id`, `recipient_id`, `type`, `object_id`, `unread`) VALUES (2, '1985-03-28 12:56:08', 16, 3, 'post', 22, 0);
INSERT INTO `notifications` (`notification_id`, `created_at`, `sender_id`, `recipient_id`, `type`, `object_id`, `unread`) VALUES (3, '2018-08-31 00:37:20', 16, 8, 'post', 54, 0);
INSERT INTO `notifications` (`notification_id`, `created_at`, `sender_id`, `recipient_id`, `type`, `object_id`, `unread`) VALUES (4, '1988-01-16 00:59:33', 14, 4, 'comment', 75, 0);
INSERT INTO `notifications` (`notification_id`, `created_at`, `sender_id`, `recipient_id`, `type`, `object_id`, `unread`) VALUES (5, '1983-12-01 23:44:13', 4, 12, 'comment', 6, 1);
INSERT INTO `notifications` (`notification_id`, `created_at`, `sender_id`, `recipient_id`, `type`, `object_id`, `unread`) VALUES (6, '1973-11-14 02:28:47', 12, 7, 'comment', 61, 1);
INSERT INTO `notifications` (`notification_id`, `created_at`, `sender_id`, `recipient_id`, `type`, `object_id`, `unread`) VALUES (7, '1992-07-06 11:49:31', 4, 4, 'comment', 10, 0);
INSERT INTO `notifications` (`notification_id`, `created_at`, `sender_id`, `recipient_id`, `type`, `object_id`, `unread`) VALUES (8, '2006-10-02 07:25:44', 11, 15, 'post', 9, 1);
INSERT INTO `notifications` (`notification_id`, `created_at`, `sender_id`, `recipient_id`, `type`, `object_id`, `unread`) VALUES (9, '1974-10-02 16:57:11', 13, 12, 'post', 26, 1);
INSERT INTO `notifications` (`notification_id`, `created_at`, `sender_id`, `recipient_id`, `type`, `object_id`, `unread`) VALUES (10, '2017-04-12 07:48:04', 17, 6, 'post', 53, 0);
INSERT INTO `notifications` (`notification_id`, `created_at`, `sender_id`, `recipient_id`, `type`, `object_id`, `unread`) VALUES (11, '2016-06-19 00:59:03', 4, 16, 'comment', 66, 1);
INSERT INTO `notifications` (`notification_id`, `created_at`, `sender_id`, `recipient_id`, `type`, `object_id`, `unread`) VALUES (12, '2001-04-21 04:29:18', 15, 15, 'post', 67, 1);
INSERT INTO `notifications` (`notification_id`, `created_at`, `sender_id`, `recipient_id`, `type`, `object_id`, `unread`) VALUES (13, '2016-09-20 07:56:39', 5, 14, 'comment', 15, 1);
INSERT INTO `notifications` (`notification_id`, `created_at`, `sender_id`, `recipient_id`, `type`, `object_id`, `unread`) VALUES (14, '1974-10-15 11:43:25', 15, 10, 'comment', 24, 0);
INSERT INTO `notifications` (`notification_id`, `created_at`, `sender_id`, `recipient_id`, `type`, `object_id`, `unread`) VALUES (15, '2007-09-10 05:49:17', 14, 12, 'post', 75, 1);
INSERT INTO `notifications` (`notification_id`, `created_at`, `sender_id`, `recipient_id`, `type`, `object_id`, `unread`) VALUES (16, '1974-07-26 20:24:44', 15, 6, 'post', 16, 0);
INSERT INTO `notifications` (`notification_id`, `created_at`, `sender_id`, `recipient_id`, `type`, `object_id`, `unread`) VALUES (17, '1978-07-16 22:54:00', 11, 8, 'post', 22, 0);
INSERT INTO `notifications` (`notification_id`, `created_at`, `sender_id`, `recipient_id`, `type`, `object_id`, `unread`) VALUES (18, '1984-06-18 07:29:20', 13, 17, 'post', 7, 1);
INSERT INTO `notifications` (`notification_id`, `created_at`, `sender_id`, `recipient_id`, `type`, `object_id`, `unread`) VALUES (19, '1973-07-21 04:56:59', 14, 12, 'comment', 57, 1);
INSERT INTO `notifications` (`notification_id`, `created_at`, `sender_id`, `recipient_id`, `type`, `object_id`, `unread`) VALUES (20, '2012-01-13 16:58:05', 4, 12, 'comment', 75, 1);
INSERT INTO `notifications` (`notification_id`, `created_at`, `sender_id`, `recipient_id`, `type`, `object_id`, `unread`) VALUES (21, '2003-11-14 11:32:35', 14, 14, 'comment', 68, 0);
INSERT INTO `notifications` (`notification_id`, `created_at`, `sender_id`, `recipient_id`, `type`, `object_id`, `unread`) VALUES (22, '2006-01-29 23:12:40', 11, 12, 'post', 54, 1);
INSERT INTO `notifications` (`notification_id`, `created_at`, `sender_id`, `recipient_id`, `type`, `object_id`, `unread`) VALUES (23, '1983-08-11 03:53:20', 9, 14, 'comment', 33, 1);
INSERT INTO `notifications` (`notification_id`, `created_at`, `sender_id`, `recipient_id`, `type`, `object_id`, `unread`) VALUES (24, '1974-06-20 04:22:24', 11, 11, 'comment', 75, 1);
INSERT INTO `notifications` (`notification_id`, `created_at`, `sender_id`, `recipient_id`, `type`, `object_id`, `unread`) VALUES (25, '2012-01-20 05:47:32', 16, 7, 'comment', 45, 1);
INSERT INTO `notifications` (`notification_id`, `created_at`, `sender_id`, `recipient_id`, `type`, `object_id`, `unread`) VALUES (26, '2018-06-19 19:00:31', 15, 4, 'post', 67, 0);
INSERT INTO `notifications` (`notification_id`, `created_at`, `sender_id`, `recipient_id`, `type`, `object_id`, `unread`) VALUES (27, '1998-12-17 04:46:56', 3, 13, 'post', 18, 0);
INSERT INTO `notifications` (`notification_id`, `created_at`, `sender_id`, `recipient_id`, `type`, `object_id`, `unread`) VALUES (28, '2008-03-09 22:14:19', 7, 8, 'comment', 15, 1);
INSERT INTO `notifications` (`notification_id`, `created_at`, `sender_id`, `recipient_id`, `type`, `object_id`, `unread`) VALUES (29, '1978-06-20 15:08:56', 8, 4, 'post', 67, 0);
INSERT INTO `notifications` (`notification_id`, `created_at`, `sender_id`, `recipient_id`, `type`, `object_id`, `unread`) VALUES (30, '1979-09-22 11:24:01', 4, 6, 'comment', 40, 1);
INSERT INTO `notifications` (`notification_id`, `created_at`, `sender_id`, `recipient_id`, `type`, `object_id`, `unread`) VALUES (31, '2007-08-08 14:17:08', 3, 17, 'comment', 22, 1);
INSERT INTO `notifications` (`notification_id`, `created_at`, `sender_id`, `recipient_id`, `type`, `object_id`, `unread`) VALUES (32, '2002-03-11 04:34:45', 15, 11, 'post', 73, 1);
INSERT INTO `notifications` (`notification_id`, `created_at`, `sender_id`, `recipient_id`, `type`, `object_id`, `unread`) VALUES (33, '1979-12-30 08:10:37', 10, 17, 'post', 55, 0);
INSERT INTO `notifications` (`notification_id`, `created_at`, `sender_id`, `recipient_id`, `type`, `object_id`, `unread`) VALUES (34, '2002-04-20 17:34:31', 16, 11, 'post', 22, 0);
INSERT INTO `notifications` (`notification_id`, `created_at`, `sender_id`, `recipient_id`, `type`, `object_id`, `unread`) VALUES (35, '1993-03-28 10:18:52', 15, 9, 'post', 48, 0);
INSERT INTO `notifications` (`notification_id`, `created_at`, `sender_id`, `recipient_id`, `type`, `object_id`, `unread`) VALUES (36, '1971-08-09 21:18:39', 9, 6, 'comment', 58, 0);
INSERT INTO `notifications` (`notification_id`, `created_at`, `sender_id`, `recipient_id`, `type`, `object_id`, `unread`) VALUES (37, '1998-12-04 17:51:56', 6, 6, 'post', 33, 1);
INSERT INTO `notifications` (`notification_id`, `created_at`, `sender_id`, `recipient_id`, `type`, `object_id`, `unread`) VALUES (38, '1977-02-12 15:29:23', 9, 10, 'comment', 61, 1);
INSERT INTO `notifications` (`notification_id`, `created_at`, `sender_id`, `recipient_id`, `type`, `object_id`, `unread`) VALUES (39, '1994-12-21 20:38:31', 12, 15, 'comment', 72, 0);
INSERT INTO `notifications` (`notification_id`, `created_at`, `sender_id`, `recipient_id`, `type`, `object_id`, `unread`) VALUES (40, '2007-10-21 20:22:36', 9, 16, 'comment', 10, 0);
INSERT INTO `notifications` (`notification_id`, `created_at`, `sender_id`, `recipient_id`, `type`, `object_id`, `unread`) VALUES (41, '1996-06-03 23:51:15', 17, 17, 'post', 8, 1);
INSERT INTO `notifications` (`notification_id`, `created_at`, `sender_id`, `recipient_id`, `type`, `object_id`, `unread`) VALUES (42, '2001-07-17 19:12:37', 6, 14, 'post', 53, 1);
INSERT INTO `notifications` (`notification_id`, `created_at`, `sender_id`, `recipient_id`, `type`, `object_id`, `unread`) VALUES (43, '1988-10-12 04:44:02', 4, 7, 'post', 49, 0);
INSERT INTO `notifications` (`notification_id`, `created_at`, `sender_id`, `recipient_id`, `type`, `object_id`, `unread`) VALUES (44, '2012-01-13 08:44:03', 15, 6, 'comment', 13, 1);
INSERT INTO `notifications` (`notification_id`, `created_at`, `sender_id`, `recipient_id`, `type`, `object_id`, `unread`) VALUES (45, '1999-12-31 04:19:20', 4, 4, 'post', 46, 0);
INSERT INTO `notifications` (`notification_id`, `created_at`, `sender_id`, `recipient_id`, `type`, `object_id`, `unread`) VALUES (46, '2000-12-28 02:53:49', 13, 10, 'comment', 63, 1);
INSERT INTO `notifications` (`notification_id`, `created_at`, `sender_id`, `recipient_id`, `type`, `object_id`, `unread`) VALUES (47, '1991-06-18 04:47:46', 8, 14, 'post', 80, 0);
INSERT INTO `notifications` (`notification_id`, `created_at`, `sender_id`, `recipient_id`, `type`, `object_id`, `unread`) VALUES (48, '1989-10-27 17:23:31', 14, 5, 'post', 40, 0);
INSERT INTO `notifications` (`notification_id`, `created_at`, `sender_id`, `recipient_id`, `type`, `object_id`, `unread`) VALUES (49, '2004-04-09 19:23:08', 11, 15, 'post', 28, 1);
INSERT INTO `notifications` (`notification_id`, `created_at`, `sender_id`, `recipient_id`, `type`, `object_id`, `unread`) VALUES (50, '1982-02-06 16:04:48', 9, 7, 'comment', 23, 0);
INSERT INTO `notifications` (`notification_id`, `created_at`, `sender_id`, `recipient_id`, `type`, `object_id`, `unread`) VALUES (51, '1972-12-13 07:11:44', 11, 6, 'post', 18, 1);
INSERT INTO `notifications` (`notification_id`, `created_at`, `sender_id`, `recipient_id`, `type`, `object_id`, `unread`) VALUES (52, '2006-08-22 06:03:23', 12, 9, 'comment', 1, 0);
INSERT INTO `notifications` (`notification_id`, `created_at`, `sender_id`, `recipient_id`, `type`, `object_id`, `unread`) VALUES (53, '1999-03-02 13:25:58', 7, 11, 'post', 25, 1);
INSERT INTO `notifications` (`notification_id`, `created_at`, `sender_id`, `recipient_id`, `type`, `object_id`, `unread`) VALUES (54, '1997-12-30 23:21:46', 16, 9, 'post', 43, 0);
INSERT INTO `notifications` (`notification_id`, `created_at`, `sender_id`, `recipient_id`, `type`, `object_id`, `unread`) VALUES (55, '1987-11-21 17:16:00', 4, 10, 'comment', 50, 0);
INSERT INTO `notifications` (`notification_id`, `created_at`, `sender_id`, `recipient_id`, `type`, `object_id`, `unread`) VALUES (56, '2014-11-30 17:30:14', 12, 5, 'comment', 9, 0);
INSERT INTO `notifications` (`notification_id`, `created_at`, `sender_id`, `recipient_id`, `type`, `object_id`, `unread`) VALUES (57, '1997-05-23 14:46:17', 9, 11, 'comment', 68, 0);
INSERT INTO `notifications` (`notification_id`, `created_at`, `sender_id`, `recipient_id`, `type`, `object_id`, `unread`) VALUES (58, '1972-06-14 02:23:04', 9, 7, 'post', 3, 0);
INSERT INTO `notifications` (`notification_id`, `created_at`, `sender_id`, `recipient_id`, `type`, `object_id`, `unread`) VALUES (59, '2006-08-21 04:59:42', 16, 16, 'comment', 69, 0);
INSERT INTO `notifications` (`notification_id`, `created_at`, `sender_id`, `recipient_id`, `type`, `object_id`, `unread`) VALUES (60, '1971-10-25 22:05:13', 6, 7, 'comment', 12, 1);
INSERT INTO `notifications` (`notification_id`, `created_at`, `sender_id`, `recipient_id`, `type`, `object_id`, `unread`) VALUES (61, '2012-01-25 03:31:57', 10, 15, 'post', 32, 1);
INSERT INTO `notifications` (`notification_id`, `created_at`, `sender_id`, `recipient_id`, `type`, `object_id`, `unread`) VALUES (62, '2000-01-15 06:57:24', 14, 10, 'comment', 69, 0);
INSERT INTO `notifications` (`notification_id`, `created_at`, `sender_id`, `recipient_id`, `type`, `object_id`, `unread`) VALUES (63, '1995-07-10 09:14:34', 14, 15, 'post', 36, 1);
INSERT INTO `notifications` (`notification_id`, `created_at`, `sender_id`, `recipient_id`, `type`, `object_id`, `unread`) VALUES (64, '1970-06-19 09:31:48', 3, 14, 'comment', 69, 1);
INSERT INTO `notifications` (`notification_id`, `created_at`, `sender_id`, `recipient_id`, `type`, `object_id`, `unread`) VALUES (65, '1975-06-06 14:39:40', 12, 15, 'post', 27, 0);
INSERT INTO `notifications` (`notification_id`, `created_at`, `sender_id`, `recipient_id`, `type`, `object_id`, `unread`) VALUES (66, '1981-06-24 07:02:29', 6, 9, 'comment', 39, 0);
INSERT INTO `notifications` (`notification_id`, `created_at`, `sender_id`, `recipient_id`, `type`, `object_id`, `unread`) VALUES (67, '1978-12-01 18:47:26', 7, 15, 'comment', 3, 1);
INSERT INTO `notifications` (`notification_id`, `created_at`, `sender_id`, `recipient_id`, `type`, `object_id`, `unread`) VALUES (68, '2001-10-06 02:22:05', 5, 6, 'comment', 29, 1);
INSERT INTO `notifications` (`notification_id`, `created_at`, `sender_id`, `recipient_id`, `type`, `object_id`, `unread`) VALUES (69, '2008-05-16 07:34:21', 5, 5, 'post', 19, 1);
INSERT INTO `notifications` (`notification_id`, `created_at`, `sender_id`, `recipient_id`, `type`, `object_id`, `unread`) VALUES (70, '1975-02-22 01:32:15', 3, 9, 'post', 43, 0);
INSERT INTO `notifications` (`notification_id`, `created_at`, `sender_id`, `recipient_id`, `type`, `object_id`, `unread`) VALUES (71, '1986-05-22 21:13:32', 5, 17, 'comment', 33, 1);
INSERT INTO `notifications` (`notification_id`, `created_at`, `sender_id`, `recipient_id`, `type`, `object_id`, `unread`) VALUES (72, '1985-07-26 02:46:48', 11, 13, 'comment', 74, 0);
INSERT INTO `notifications` (`notification_id`, `created_at`, `sender_id`, `recipient_id`, `type`, `object_id`, `unread`) VALUES (73, '2017-01-09 08:42:15', 9, 9, 'post', 61, 0);
INSERT INTO `notifications` (`notification_id`, `created_at`, `sender_id`, `recipient_id`, `type`, `object_id`, `unread`) VALUES (74, '2006-03-11 01:52:50', 16, 10, 'post', 40, 0);
INSERT INTO `notifications` (`notification_id`, `created_at`, `sender_id`, `recipient_id`, `type`, `object_id`, `unread`) VALUES (75, '2006-09-07 07:49:29', 14, 4, 'post', 25, 0);
INSERT INTO `notifications` (`notification_id`, `created_at`, `sender_id`, `recipient_id`, `type`, `object_id`, `unread`) VALUES (76, '1999-11-06 01:42:39', 4, 7, 'comment', 61, 0);
INSERT INTO `notifications` (`notification_id`, `created_at`, `sender_id`, `recipient_id`, `type`, `object_id`, `unread`) VALUES (77, '2009-12-13 16:28:20', 11, 12, 'post', 49, 1);
INSERT INTO `notifications` (`notification_id`, `created_at`, `sender_id`, `recipient_id`, `type`, `object_id`, `unread`) VALUES (78, '2006-09-07 09:09:18', 11, 15, 'post', 70, 1);
INSERT INTO `notifications` (`notification_id`, `created_at`, `sender_id`, `recipient_id`, `type`, `object_id`, `unread`) VALUES (79, '1975-07-01 22:40:58', 17, 3, 'comment', 3, 0);
INSERT INTO `notifications` (`notification_id`, `created_at`, `sender_id`, `recipient_id`, `type`, `object_id`, `unread`) VALUES (80, '2009-06-27 11:37:42', 5, 3, 'comment', 36, 1);
INSERT INTO `notifications` (`notification_id`, `created_at`, `sender_id`, `recipient_id`, `type`, `object_id`, `unread`) VALUES (81, '1992-12-28 09:29:36', 13, 6, 'post', 31, 0);
INSERT INTO `notifications` (`notification_id`, `created_at`, `sender_id`, `recipient_id`, `type`, `object_id`, `unread`) VALUES (82, '1982-06-04 01:13:35', 4, 15, 'post', 7, 0);
INSERT INTO `notifications` (`notification_id`, `created_at`, `sender_id`, `recipient_id`, `type`, `object_id`, `unread`) VALUES (83, '2005-10-23 08:58:12', 3, 6, 'comment', 42, 0);
INSERT INTO `notifications` (`notification_id`, `created_at`, `sender_id`, `recipient_id`, `type`, `object_id`, `unread`) VALUES (84, '2012-01-08 02:47:09', 14, 5, 'comment', 4, 0);
INSERT INTO `notifications` (`notification_id`, `created_at`, `sender_id`, `recipient_id`, `type`, `object_id`, `unread`) VALUES (85, '1975-04-21 04:40:01', 6, 16, 'comment', 13, 0);
INSERT INTO `notifications` (`notification_id`, `created_at`, `sender_id`, `recipient_id`, `type`, `object_id`, `unread`) VALUES (86, '1985-08-01 13:59:01', 11, 17, 'post', 39, 0);
INSERT INTO `notifications` (`notification_id`, `created_at`, `sender_id`, `recipient_id`, `type`, `object_id`, `unread`) VALUES (87, '1978-10-19 10:36:51', 7, 10, 'post', 12, 0);
INSERT INTO `notifications` (`notification_id`, `created_at`, `sender_id`, `recipient_id`, `type`, `object_id`, `unread`) VALUES (88, '1997-06-10 04:21:15', 16, 4, 'comment', 77, 1);
INSERT INTO `notifications` (`notification_id`, `created_at`, `sender_id`, `recipient_id`, `type`, `object_id`, `unread`) VALUES (89, '1989-08-17 07:15:55', 14, 3, 'comment', 78, 0);
INSERT INTO `notifications` (`notification_id`, `created_at`, `sender_id`, `recipient_id`, `type`, `object_id`, `unread`) VALUES (90, '2007-11-21 16:49:25', 15, 5, 'comment', 2, 1);
INSERT INTO `notifications` (`notification_id`, `created_at`, `sender_id`, `recipient_id`, `type`, `object_id`, `unread`) VALUES (91, '1972-02-02 04:17:55', 6, 16, 'post', 22, 0);
INSERT INTO `notifications` (`notification_id`, `created_at`, `sender_id`, `recipient_id`, `type`, `object_id`, `unread`) VALUES (92, '2001-08-09 19:26:52', 12, 17, 'post', 8, 0);
INSERT INTO `notifications` (`notification_id`, `created_at`, `sender_id`, `recipient_id`, `type`, `object_id`, `unread`) VALUES (93, '1991-09-15 02:30:29', 13, 3, 'comment', 30, 0);
INSERT INTO `notifications` (`notification_id`, `created_at`, `sender_id`, `recipient_id`, `type`, `object_id`, `unread`) VALUES (94, '1998-12-12 19:22:35', 6, 14, 'post', 42, 1);
INSERT INTO `notifications` (`notification_id`, `created_at`, `sender_id`, `recipient_id`, `type`, `object_id`, `unread`) VALUES (95, '1970-08-27 17:40:32', 7, 3, 'post', 33, 1);
INSERT INTO `notifications` (`notification_id`, `created_at`, `sender_id`, `recipient_id`, `type`, `object_id`, `unread`) VALUES (96, '2017-04-21 00:17:00', 9, 12, 'comment', 29, 0);
INSERT INTO `notifications` (`notification_id`, `created_at`, `sender_id`, `recipient_id`, `type`, `object_id`, `unread`) VALUES (97, '1990-04-27 20:44:16', 16, 17, 'post', 70, 0);
INSERT INTO `notifications` (`notification_id`, `created_at`, `sender_id`, `recipient_id`, `type`, `object_id`, `unread`) VALUES (98, '1994-12-24 08:56:42', 3, 15, 'post', 78, 1);
INSERT INTO `notifications` (`notification_id`, `created_at`, `sender_id`, `recipient_id`, `type`, `object_id`, `unread`) VALUES (99, '1970-11-02 18:31:24', 3, 12, 'comment', 1, 0);
INSERT INTO `notifications` (`notification_id`, `created_at`, `sender_id`, `recipient_id`, `type`, `object_id`, `unread`) VALUES (100, '2000-11-26 02:21:36', 17, 10, 'post', 16, 0);

INSERT INTO `subscriptions` (`subscription_id`, `group_id`, `user_id`, `subscribed_at`) VALUES (32, 6, 7, '1996-03-21');
INSERT INTO `subscriptions` (`subscription_id`, `group_id`, `user_id`, `subscribed_at`) VALUES (33, 2, 16, '1993-12-30');
INSERT INTO `subscriptions` (`subscription_id`, `group_id`, `user_id`, `subscribed_at`) VALUES (34, 5, 5, '1992-01-02');
INSERT INTO `subscriptions` (`subscription_id`, `group_id`, `user_id`, `subscribed_at`) VALUES (35, 4, 3, '2004-09-06');
INSERT INTO `subscriptions` (`subscription_id`, `group_id`, `user_id`, `subscribed_at`) VALUES (36, 4, 11, '1988-04-25');
INSERT INTO `subscriptions` (`subscription_id`, `group_id`, `user_id`, `subscribed_at`) VALUES (37, 4, 13, '1986-08-06');
INSERT INTO `subscriptions` (`subscription_id`, `group_id`, `user_id`, `subscribed_at`) VALUES (38, 3, 7, '2014-05-08');
INSERT INTO `subscriptions` (`subscription_id`, `group_id`, `user_id`, `subscribed_at`) VALUES (39, 3, 13, '1995-12-08');
INSERT INTO `subscriptions` (`subscription_id`, `group_id`, `user_id`, `subscribed_at`) VALUES (40, 2, 3, '2005-09-22');
INSERT INTO `subscriptions` (`subscription_id`, `group_id`, `user_id`, `subscribed_at`) VALUES (41, 4, 17, '2010-08-08');
INSERT INTO `subscriptions` (`subscription_id`, `group_id`, `user_id`, `subscribed_at`) VALUES (42, 5, 6, '1997-06-05');
INSERT INTO `subscriptions` (`subscription_id`, `group_id`, `user_id`, `subscribed_at`) VALUES (44, 2, 7, '2006-05-23');
INSERT INTO `subscriptions` (`subscription_id`, `group_id`, `user_id`, `subscribed_at`) VALUES (45, 3, 14, '2005-10-13');
INSERT INTO `subscriptions` (`subscription_id`, `group_id`, `user_id`, `subscribed_at`) VALUES (46, 6, 15, '1994-09-06');
INSERT INTO `subscriptions` (`subscription_id`, `group_id`, `user_id`, `subscribed_at`) VALUES (47, 5, 13, '2018-05-24');
INSERT INTO `subscriptions` (`subscription_id`, `group_id`, `user_id`, `subscribed_at`) VALUES (48, 2, 13, '2008-09-06');
INSERT INTO `subscriptions` (`subscription_id`, `group_id`, `user_id`, `subscribed_at`) VALUES (49, 5, 16, '2004-04-16');
INSERT INTO `subscriptions` (`subscription_id`, `group_id`, `user_id`, `subscribed_at`) VALUES (50, 6, 4, '1973-08-12');
INSERT INTO `subscriptions` (`subscription_id`, `group_id`, `user_id`, `subscribed_at`) VALUES (51, 6, 9, '1988-08-01');
INSERT INTO `subscriptions` (`subscription_id`, `group_id`, `user_id`, `subscribed_at`) VALUES (52, 5, 8, '1997-05-02');
INSERT INTO `subscriptions` (`subscription_id`, `group_id`, `user_id`, `subscribed_at`) VALUES (56, 4, 6, '1973-07-08');
